Pop0,Pop1,Pop2
Pop0,0,0.4597870933,140.3592573
Pop1,28.81907113,0,0
Pop2,1.916903193,11.69844661,0
